{"cameraMode":{"drawMode":0,"name":"Shaded","section":"Shading Mode"},"sceneLighting":false,"audioPlay":false,"sceneViewState":{"showFog":true,"showMaterialUpdate":false,"showSkybox":false,"showFlares":true,"showImageEffects":true,"showParticleSystems":true},"in2DMode":false,"pivot":{"x":-27.367584228515626,"y":18.87665557861328,"z":-24.945186614990236},"rotation":{"x":0.13789281249046327,"y":0.12739276885986329,"z":-0.017887532711029054,"w":0.9820573925971985},"size":2.4211175441741945,"orthographic":true}