{"cameraMode":{"drawMode":0,"name":"Shaded","section":"Shading Mode"},"sceneLighting":false,"audioPlay":false,"sceneViewState":{"showFog":true,"showMaterialUpdate":false,"showSkybox":false,"showFlares":true,"showImageEffects":true,"showParticleSystems":true},"in2DMode":false,"pivot":{"x":3.7321903705596926,"y":0.6713101267814636,"z":0.029570817947387697},"rotation":{"x":-0.16229687631130219,"y":-0.07540584355592728,"z":0.012443959712982178,"w":-0.9837778806686401},"size":2.263355255126953,"orthographic":false}