{"cameraMode":{"drawMode":0,"name":"Shaded","section":"Shading Mode"},"sceneLighting":false,"audioPlay":false,"sceneViewState":{"showFog":true,"showMaterialUpdate":false,"showSkybox":false,"showFlares":true,"showImageEffects":true,"showParticleSystems":true},"in2DMode":false,"pivot":{"x":0.0,"y":0.9281251430511475,"z":-2.384185791015625e-7},"rotation":{"x":0.3447761535644531,"y":-0.22357477247714997,"z":0.08492083102464676,"w":0.907707154750824},"size":10.820405960083008,"orthographic":false}