{"cameraMode":{"drawMode":0,"name":"Shaded","section":"Shading Mode"},"sceneLighting":false,"audioPlay":false,"sceneViewState":{"showFog":true,"showMaterialUpdate":false,"showSkybox":false,"showFlares":true,"showImageEffects":true,"showParticleSystems":true},"in2DMode":false,"pivot":{"x":-33.272491455078128,"y":1.2280054092407227,"z":26.911563873291017},"rotation":{"x":0.13789281249046327,"y":0.12739276885986329,"z":-0.017887532711029054,"w":0.9820573925971985},"size":14.14600944519043,"orthographic":true}