{"cameraMode":{"drawMode":0,"name":"Shaded","section":"Shading Mode"},"sceneLighting":false,"audioPlay":false,"sceneViewState":{"showFog":true,"showMaterialUpdate":false,"showSkybox":false,"showFlares":true,"showImageEffects":true,"showParticleSystems":true},"in2DMode":false,"pivot":{"x":-0.00016182661056518555,"y":0.4596424102783203,"z":-0.10946467518806458},"rotation":{"x":0.08328308910131455,"y":-0.02092541940510273,"z":0.0017487447476014495,"w":0.9963047504425049},"size":2.26543927192688,"orthographic":true}