{"cameraMode":{"drawMode":0,"name":"Shaded","section":"Shading Mode"},"sceneLighting":false,"audioPlay":false,"sceneViewState":{"showFog":true,"showMaterialUpdate":false,"showSkybox":false,"showFlares":true,"showImageEffects":true,"showParticleSystems":true},"in2DMode":false,"pivot":{"x":0.0,"y":0.12999999523162843,"z":1.1200000047683716},"rotation":{"x":-0.1778821349143982,"y":-0.6364639401435852,"z":-0.15413592755794526,"w":0.7345159649848938},"size":3.4857637882232668,"orthographic":true}