{"cameraMode":{"drawMode":0,"name":"Shaded","section":"Shading Mode"},"sceneLighting":false,"audioPlay":false,"sceneViewState":{"showFog":true,"showMaterialUpdate":false,"showSkybox":false,"showFlares":true,"showImageEffects":true,"showParticleSystems":true},"in2DMode":false,"pivot":{"x":-0.6044921875,"y":0.3323974609375,"z":2.04296875},"rotation":{"x":-0.04017848148941994,"y":0.5615004897117615,"z":0.027310943230986596,"w":0.8260490894317627},"size":3.533212661743164,"orthographic":true}