{"cameraMode":{"drawMode":0,"name":"Shaded","section":"Shading Mode"},"sceneLighting":false,"audioPlay":false,"sceneViewState":{"showFog":true,"showMaterialUpdate":false,"showSkybox":false,"showFlares":true,"showImageEffects":true,"showParticleSystems":true},"in2DMode":false,"pivot":{"x":-0.72216796875,"y":1.06268310546875,"z":2.123779296875},"rotation":{"x":-0.04017848148941994,"y":0.5615004897117615,"z":0.027310943230986596,"w":0.8260490894317627},"size":5.946811676025391,"orthographic":true}