{"cameraMode":{"drawMode":0,"name":"Shaded","section":"Shading Mode"},"sceneLighting":false,"audioPlay":false,"sceneViewState":{"showFog":true,"showMaterialUpdate":false,"showSkybox":false,"showFlares":true,"showImageEffects":true,"showParticleSystems":true},"in2DMode":false,"pivot":{"x":-42.26041793823242,"y":1.3733444213867188,"z":30.61427116394043},"rotation":{"x":0.13789281249046327,"y":0.12739276885986329,"z":-0.017887532711029054,"w":0.9820573925971985},"size":2.5183463096618654,"orthographic":true}