{"cameraMode":{"drawMode":0,"name":"Shaded","section":"Shading Mode"},"sceneLighting":false,"audioPlay":false,"sceneViewState":{"showFog":true,"showMaterialUpdate":false,"showSkybox":false,"showFlares":true,"showImageEffects":true,"showParticleSystems":true},"in2DMode":false,"pivot":{"x":-23.76955795288086,"y":18.16682243347168,"z":-19.570531845092775},"rotation":{"x":0.32084259390830996,"y":0.10709750652313233,"z":-0.03654124215245247,"w":0.9403483271598816},"size":3.275010824203491,"orthographic":false}