{"cameraMode":{"drawMode":0,"name":"Shaded","section":"Shading Mode"},"sceneLighting":false,"audioPlay":false,"sceneViewState":{"showFog":true,"showMaterialUpdate":false,"showSkybox":false,"showFlares":true,"showImageEffects":true,"showParticleSystems":true},"in2DMode":false,"pivot":{"x":-44.16999816894531,"y":-2.4944937229156496,"z":19.670000076293947},"rotation":{"x":0.32084259390830996,"y":0.10709750652313233,"z":-0.03654124215245247,"w":0.9403483271598816},"size":6.510232925415039,"orthographic":false}