{"cameraMode":{"drawMode":0,"name":"Shaded","section":"Shading Mode"},"sceneLighting":false,"audioPlay":false,"sceneViewState":{"showFog":true,"showMaterialUpdate":false,"showSkybox":false,"showFlares":true,"showImageEffects":true,"showParticleSystems":true},"in2DMode":false,"pivot":{"x":0.0,"y":1.253000020980835,"z":-2.384185791015625e-7},"rotation":{"x":-0.04017848148941994,"y":0.5615004897117615,"z":0.027310943230986596,"w":0.8260490894317627},"size":14.723433494567871,"orthographic":true}