{"cameraMode":{"drawMode":0,"name":"Shaded","section":"Shading Mode"},"sceneLighting":false,"audioPlay":false,"sceneViewState":{"showFog":true,"showMaterialUpdate":false,"showSkybox":false,"showFlares":true,"showImageEffects":true,"showParticleSystems":true},"in2DMode":false,"pivot":{"x":-0.3024168014526367,"y":-1.0988335609436036,"z":25.753799438476564},"rotation":{"x":0.32084259390830996,"y":0.10709750652313233,"z":-0.03654124215245247,"w":0.9403483271598816},"size":4.902734279632568,"orthographic":false}