{"cameraMode":{"drawMode":0,"name":"Shaded","section":"Shading Mode"},"sceneLighting":false,"audioPlay":false,"sceneViewState":{"showFog":true,"showMaterialUpdate":false,"showSkybox":false,"showFlares":true,"showImageEffects":true,"showParticleSystems":true},"in2DMode":false,"pivot":{"x":-39.91267395019531,"y":31.449310302734376,"z":-39.56188201904297},"rotation":{"x":0.13789281249046327,"y":0.12739276885986329,"z":-0.017887532711029054,"w":0.9820573925971985},"size":4.8543925285339359,"orthographic":true}