{"cameraMode":{"drawMode":0,"name":"Shaded","section":"Shading Mode"},"sceneLighting":false,"audioPlay":false,"sceneViewState":{"showFog":true,"showMaterialUpdate":false,"showSkybox":false,"showFlares":true,"showImageEffects":true,"showParticleSystems":true},"in2DMode":false,"pivot":{"x":-23.619112014770509,"y":18.428688049316408,"z":-18.896766662597658},"rotation":{"x":0.13789281249046327,"y":0.12739276885986329,"z":-0.017887532711029054,"w":0.9820573925971985},"size":2.8057749271392824,"orthographic":true}