{"cameraMode":{"drawMode":0,"name":"Shaded","section":"Shading Mode"},"sceneLighting":false,"audioPlay":false,"sceneViewState":{"showFog":true,"showMaterialUpdate":false,"showSkybox":false,"showFlares":true,"showImageEffects":true,"showParticleSystems":true},"in2DMode":false,"pivot":{"x":0.0,"y":3.613783359527588,"z":0.1399993896484375},"rotation":{"x":0.09727170318365097,"y":0.03880493715405464,"z":-0.003795520169660449,"w":0.9944939017295837},"size":80.7444076538086,"orthographic":false}