{"cameraMode":{"drawMode":0,"name":"Shaded","section":"Shading Mode"},"sceneLighting":false,"audioPlay":false,"sceneViewState":{"showFog":true,"showMaterialUpdate":false,"showSkybox":false,"showFlares":true,"showImageEffects":true,"showParticleSystems":true},"in2DMode":false,"pivot":{"x":1.695123553276062,"y":-3.052178382873535,"z":15.895566940307618},"rotation":{"x":0.32084259390830996,"y":0.10709750652313233,"z":-0.03654124215245247,"w":0.9403483271598816},"size":5.038486957550049,"orthographic":false}