{"cameraMode":{"drawMode":0,"name":"Shaded","section":"Shading Mode"},"sceneLighting":false,"audioPlay":false,"sceneViewState":{"showFog":true,"showMaterialUpdate":false,"showSkybox":true,"showFlares":true,"showImageEffects":true,"showParticleSystems":true},"in2DMode":false,"pivot":{"x":-42.5,"y":22.15999984741211,"z":-30.009998321533204},"rotation":{"x":0.4327232539653778,"y":0.0796087309718132,"z":-0.038396257907152179,"w":0.897183895111084},"size":25.32476043701172,"orthographic":true}